{
    "name": "ticketing",
    "display_name": "Ticketing",
    "version": "1.0.3",
    "author": "Nexidra Technologies",
    "description": "Ticketing plugin for Nexidra modular system.",
    "enabled": true,
    "verified": false,
    "permissions": [
        "ticketing.*",
        "ticketing.create",
        "ticketing.view"
    ],
    "database": "mongo",
    "pricing": {
        "type": "subscription",
        "plan_id": "default",
        "trial_days": 7,
        "currency": "USD",
        "price": 9.99,
        "features": [
            "unlimited_events",
            "export_csv"
        ]
    },
    "minimum_subscription": {
        "required": false,
        "plan_id": "core_pro",
        "feature": "analytics"
    },
    "created_at": "2025-10-09T00:01:34.267749+00:00",
    "published_at": "2025-10-09T00:15:31.463189+00:00"
}